date,open,high,low,close,volume,rsi,macd,macd_signal,macd_hist,bb_upper,bb_middle,bb_lower,atr,vix_close
2023-10-03,19622.400390625,19623.19921875,19479.650390625,19528.75,221700,42.58,1.6108,51.0396,-49.4289,20229.9,19790.72,19351.54,158.9289,11.789999961853027
2023-10-04,19446.30078125,19457.80078125,19333.599609375,19436.099609375,277100,39.38,-19.2058,36.9906,-56.1963,20238.66,19786.08,19333.51,161.5161,11.65999984741211
2023-10-05,19521.849609375,19576.94921875,19487.30078125,19545.75,234900,44.68,-26.5491,24.2826,-50.8317,20240.24,19784.62,19329.01,160.0399,10.9399995803833
2023-10-06,19621.19921875,19675.75,19589.400390625,19653.5,159100,49.36,-23.4044,14.7452,-38.1496,20239.34,19786.75,19334.15,157.8942,10.300000190734863
2023-10-09,19539.44921875,19588.94921875,19480.5,19512.349609375,165100,44.09,-31.9338,5.4094,-37.3432,20244.48,19776.01,19307.55,158.9732,11.399999618530273
2023-10-10,19565.599609375,19717.80078125,19565.44921875,19689.849609375,216600,51.15,-24.0929,-0.491,-23.6018,20239.01,19769.51,19300.0,162.2931,11.270000457763672
2023-10-11,19767.0,19839.19921875,19756.94921875,19811.349609375,213700,55.31,-7.9828,-1.9894,-5.9934,20218.09,19760.26,19302.42,161.3685,10.989999771118164
2023-10-12,19822.69921875,19843.30078125,19772.650390625,19794.0,217900,54.59,3.346,-0.9223,4.2683,20195.28,19750.3,19305.31,154.8887,10.619999885559082
2023-10-13,19654.55078125,19805.400390625,19635.30078125,19751.05078125,255000,52.78,8.7575,1.0136,7.7439,20153.18,19734.35,19315.52,155.9752,10.619999885559082
2023-10-16,19737.25,19781.30078125,19691.849609375,19731.75,181000,51.94,11.3579,3.0825,8.2754,20097.02,19715.78,19334.54,151.2234,11.069999694824219
2023-10-17,19843.19921875,19849.75,19775.650390625,19811.5,185800,55.11,19.6276,6.3915,13.2361,20009.68,19696.74,19383.8,148.8503,10.699999809265137
2023-10-18,19820.44921875,19840.94921875,19659.94921875,19671.099609375,198900,48.98,14.683,8.0498,6.6332,19909.64,19673.63,19437.62,151.1467,10.970000267028809
2023-10-19,19545.19921875,19681.80078125,19512.349609375,19624.69921875,230300,47.12,6.9402,7.8279,-0.8877,19870.69,19659.79,19448.9,152.4542,10.899999618530273
2023-10-20,19542.150390625,19593.80078125,19518.69921875,19542.650390625,198300,43.94,-5.7504,5.1122,-10.8626,19863.14,19649.81,19436.48,149.136,10.819999694824219
2023-10-23,19521.599609375,19556.849609375,19257.849609375,19281.75,176000,35.68,-36.4401,-3.1982,-33.2419,19899.04,19630.18,19361.33,159.8406,10.90999984741211
2023-10-25,19286.44921875,19347.30078125,19074.150390625,19122.150390625,225300,31.75,-72.8012,-17.1188,-55.6823,19953.27,19602.56,19251.86,167.9342,11.3100004196167
2023-10-26,19027.25,19041.69921875,18837.849609375,18857.25,300400,26.53,-121.5911,-38.0133,-83.5779,20044.13,19562.19,19080.26,176.2461,11.729999542236328
2023-10-27,18928.75,19076.150390625,18926.650390625,19047.25,205200,34.81,-143.2746,-59.0655,-84.209,20056.33,19528.73,19001.13,179.2928,10.90999984741211
2023-10-30,19053.400390625,19158.5,18940.0,19140.900390625,180100,38.49,-151.1596,-77.4844,-73.6752,20065.01,19509.6,18954.19,182.0933,11.489999771118164
2023-10-31,19232.94921875,19233.69921875,19056.44921875,19079.599609375,206000,37.02,-160.5047,-94.0884,-66.4163,20065.31,19481.66,18898.02,181.7474,11.829999923706055
2023-11-01,19064.05078125,19096.05078125,18973.69921875,18989.150390625,194100,34.9,-173.2127,-109.9133,-63.2994,20077.72,19454.68,18831.65,177.5048,12.050000190734863
2023-11-02,19120.0,19175.25,19064.150390625,19133.25,245600,40.73,-169.7,-121.8706,-47.8294,20078.98,19439.54,18800.1,178.1187,11.079999923706055
2023-11-03,19241.0,19276.25,19210.900390625,19230.599609375,189500,44.35,-157.2482,-128.9461,-28.302,20067.72,19423.78,18779.85,175.6102,10.880000114440918
2023-11-06,19345.849609375,19423.0,19309.69921875,19411.75,180700,50.43,-131.2497,-129.4068,-1.8429,20046.49,19411.7,18776.9,176.8095,11.109999656677246
2023-11-07,19404.05078125,19423.5,19329.099609375,19406.69921875,198700,50.26,-109.7878,-125.483,15.6953,20039.44,19406.41,18773.39,170.9232,11.1899995803833
2023-11-08,19449.599609375,19464.400390625,19401.5,19443.5,195000,51.51,-88.786,-118.1436,29.3576,20013.34,19394.1,18774.86,163.2073,11.039999961853027
2023-11-09,19457.400390625,19463.900390625,19378.349609375,19395.30078125,208400,49.75,-75.1648,-109.5479,34.383,19960.65,19373.3,18785.94,157.6604,10.979999542236328
2023-11-10,19351.849609375,19451.30078125,19329.44921875,19425.349609375,152200,50.88,-61.2393,-99.8862,38.6469,19908.81,19354.86,18800.91,155.1026,11.109999656677246
2023-11-13,19486.75,19494.400390625,19414.75,19443.55078125,189300,51.58,-48.1792,-89.5448,41.3656,19863.39,19339.49,18815.58,149.7132,11.1899995803833
2023-11-15,19651.400390625,19693.19921875,19579.650390625,19675.44921875,291500,59.56,-18.8988,-75.4156,56.5168,19852.24,19336.67,18821.1,156.8514,11.140000343322754
2023-11-16,19674.69921875,19875.25,19627.0,19765.19921875,282700,62.16,11.4166,-58.0491,69.4657,19841.29,19334.36,18827.42,163.3799,11.649999618530273
2023-11-17,19674.75,19806.0,19667.44921875,19731.80078125,236800,60.6,32.3736,-39.9646,72.3382,19853.46,19337.39,18821.32,161.6064,11.829999923706055
2023-11-20,19731.150390625,19756.44921875,19670.5,19694.0,173800,58.8,45.4085,-22.89,68.2985,19865.9,19340.86,18815.81,156.2023,12.149999618530273
2023-11-21,19770.900390625,19829.099609375,19754.05078125,19783.400390625,195000,61.7,62.2352,-5.8649,68.1002,19907.62,19352.9,18798.17,154.6949,12.229999542236328
2023-11-22,19784.0,19825.55078125,19703.849609375,19811.849609375,184500,62.6,76.9788,10.7038,66.275,19969.35,19379.4,18789.45,152.3382,11.869999885559082
2023-11-23,19828.44921875,19875.150390625,19786.75,19802.0,170000,62.05,86.867,25.9365,60.9306,20019.07,19413.39,18807.72,147.7713,11.319999694824219
2023-11-24,19809.599609375,19832.849609375,19768.849609375,19794.69921875,145900,61.62,93.0419,39.3575,53.6843,20028.67,19460.26,18891.86,141.7876,11.329999923706055
2023-11-28,19844.650390625,19916.849609375,19800.0,19889.69921875,229600,65.0,104.3978,52.3656,52.0322,20066.77,19502.39,18938.01,140.3849,12.180000305175781
2023-11-29,19976.55078125,20104.650390625,19956.30078125,20096.599609375,236200,71.0,128.61,67.6145,60.9955,20146.61,19550.17,18953.74,145.7111,12.710000038146973
2023-11-30,20108.5,20158.69921875,20015.849609375,20133.150390625,486600,71.91,149.0298,83.8975,65.1323,20210.29,19602.85,18995.41,145.5067,12.6899995803833
2023-12-01,20194.099609375,20291.55078125,20183.69921875,20267.900390625,265800,75.04,174.0791,101.9339,72.1453,20271.43,19666.79,19062.14,146.4277,12.380000114440918
2023-12-04,20601.94921875,20702.650390625,20507.75,20686.80078125,381100,81.81,225.1374,126.5746,98.5629,20451.07,19744.46,19037.86,167.0221,12.989999771118164
2023-12-05,20808.900390625,20864.05078125,20711.150390625,20855.099609375,421000,83.73,276.0003,156.4597,119.5406,20647.65,19825.69,19003.73,167.7527,13.460000038146973
2023-12-06,20950.75,20961.94921875,20852.150390625,20937.69921875,359200,84.58,319.2939,189.0266,130.2673,20837.59,19901.99,18966.38,163.6131,13.739999771118164
2023-12-07,20932.400390625,20941.25,20850.80078125,20901.150390625,275000,82.51,346.6592,220.5531,126.1061,20981.89,19976.71,18971.53,158.3871,12.670000076293945
2023-12-08,20934.099609375,21006.099609375,20862.69921875,20969.400390625,292400,83.33,369.5931,250.3611,119.232,21117.65,20053.0,18988.36,157.3167,12.470000267028809
2023-12-11,20965.30078125,21026.099609375,20923.69921875,20997.099609375,212900,83.67,385.559,277.4007,108.1583,21229.93,20133.09,19036.26,153.3941,12.760000228881836
2023-12-12,21018.55078125,21037.900390625,20867.150390625,20906.400390625,244900,78.13,386.4388,299.2083,87.2305,21302.77,20207.15,19111.52,154.6338,12.710000038146973
2023-12-13,20929.75,20950.0,20769.5,20926.349609375,260300,78.47,384.3157,316.2298,68.0859,21359.89,20281.29,19202.68,156.4814,12.069999694824219
2023-12-14,21110.400390625,21210.900390625,21074.44921875,21182.69921875,334400,82.26,398.7221,332.7282,65.9939,21467.18,20356.65,19246.12,165.6292,12.319999694824219
2023-12-15,21287.44921875,21492.30078125,21235.30078125,21456.650390625,508800,85.25,427.319,351.6464,75.6726,21617.76,20441.22,19264.68,175.9129,13.130000114440918
2023-12-18,21434.80078125,21482.80078125,21365.349609375,21418.650390625,249700,83.15,441.8229,369.6817,72.1412,21729.5,20525.56,19321.63,171.7371,13.899999618530273
2023-12-19,21477.650390625,21505.05078125,21337.75,21453.099609375,249800,83.55,450.8994,385.9252,64.9742,21818.69,20613.52,19408.35,171.4202,13.869999885559082
2023-12-20,21543.5,21593.0,21087.349609375,21150.150390625,363900,68.4,428.7053,394.4813,34.2241,21843.03,20681.86,19520.68,195.2938,14.449999809265137
2023-12-21,21033.94921875,21288.349609375,20976.80078125,21255.05078125,277500,70.4,414.7994,398.5449,16.2545,21865.87,20754.02,19642.16,203.5977,13.760000228881836
2023-12-22,21295.849609375,21390.5,21232.44921875,21349.400390625,284700,72.11,406.7038,400.1767,6.5271,21877.73,20831.39,19785.04,200.3444,13.710000038146973
2023-12-26,21365.19921875,21477.150390625,21329.44921875,21441.349609375,219500,73.7,403.0613,400.7536,2.3077,21872.03,20913.72,19955.41,196.5841,14.680000305175781
2023-12-27,21497.650390625,21675.75,21495.80078125,21654.75,256500,76.99,412.6376,403.1304,9.5072,21885.38,21001.97,20118.56,199.2853,15.5600004196167
2023-12-28,21715.0,21801.44921875,21678.0,21778.69921875,393100,78.66,425.3256,407.5694,17.7562,21925.76,21086.08,20246.39,195.5292,15.140000343322754
2023-12-29,21737.650390625,21770.30078125,21676.900390625,21731.400390625,270900,76.39,426.6463,411.3848,15.2615,21924.07,21165.99,20407.91,188.8341,14.5
2024-01-01,21727.75,21834.349609375,21680.849609375,21741.900390625,154000,76.55,423.6565,413.8391,9.8174,21911.88,21239.69,20567.5,186.3103,14.579999923706055
2024-01-02,21751.349609375,21755.599609375,21555.650390625,21665.80078125,263700,72.65,410.4155,413.1544,-2.7389,21933.32,21288.64,20643.96,187.2845,14.579999923706055
2024-01-03,21661.099609375,21677.0,21500.349609375,21517.349609375,311900,65.63,383.5221,407.228,-23.7059,21940.17,21321.75,20703.33,186.5249,14.100000381469727
2024-01-04,21605.80078125,21685.650390625,21564.55078125,21658.599609375,339200,68.73,369.349,399.6522,-30.3032,21965.92,21357.8,20749.68,185.2232,13.329999923706055
2024-01-05,21705.75,21749.599609375,21629.19921875,21710.80078125,309300,69.81,358.1998,391.3617,-33.1619,21985.85,21398.28,20810.71,180.593,12.630000114440918
2024-01-08,21747.599609375,21763.94921875,21492.900390625,21513.0,231500,61.17,329.6036,379.0101,-49.4065,21978.79,21425.46,20872.13,187.0541,13.460000038146973
2024-01-09,21653.599609375,21724.44921875,21517.849609375,21544.849609375,228600,61.98,305.9837,364.4048,-58.4211,21969.95,21452.85,20935.75,188.7966,13.260000228881836
2024-01-10,21529.30078125,21641.849609375,21448.650390625,21618.69921875,217000,63.88,289.8823,349.5003,-59.618,21941.21,21488.46,21035.72,189.1111,12.970000267028809
2024-01-11,21688.0,21726.5,21593.75,21647.19921875,212500,64.61,276.2372,334.8477,-58.6105,21896.38,21524.5,21152.63,185.0853,12.770000457763672
2024-01-12,21773.55078125,21928.25,21715.150390625,21894.55078125,294700,70.26,282.1303,324.3042,-42.1739,21930.49,21560.1,21189.71,191.94,13.100000381469727
2024-01-15,22053.150390625,22115.55078125,21963.55078125,22097.44921875,345500,73.93,299.7179,319.387,-19.669,22029.63,21592.14,21154.64,194.0157,13.789999961853027
2024-01-16,22080.5,22124.150390625,21969.80078125,22032.30078125,292400,70.9,304.8848,316.4865,-11.6017,22093.87,21622.82,21151.77,191.1824,13.569999694824219
2024-01-17,21647.25,21851.5,21550.44921875,21571.94921875,456000,54.06,268.7352,306.9363,-38.201,22093.76,21628.76,21163.76,211.9445,15.079999923706055
2024-01-18,21414.19921875,21539.400390625,21285.55078125,21462.25,387300,50.95,228.5995,291.2689,-62.6694,22060.07,21644.37,21228.66,217.2626,14.069999694824219
2024-01-19,21615.19921875,21670.599609375,21575.0,21622.400390625,343100,55.01,207.3245,274.48,-67.1555,22036.34,21662.73,21289.13,216.626,13.880000114440918
2024-01-23,21716.69921875,21750.25,21192.599609375,21238.80078125,449700,45.33,157.6928,251.1226,-93.4297,22052.96,21657.2,21261.45,240.9849,14.850000381469727
2024-01-24,21185.25,21482.349609375,21137.19921875,21453.94921875,407500,50.58,134.1734,227.7327,-93.5593,22052.18,21657.83,21263.49,248.4253,14.380000114440918
2024-01-25,21454.599609375,21459.0,21247.05078125,21352.599609375,418100,48.23,106.1326,203.4127,-97.2801,22060.05,21642.73,21225.41,245.8198,13.869999885559082
2024-01-29,21433.099609375,21763.25,21429.599609375,21737.599609375,376700,56.5,113.6661,185.4634,-71.7973,22055.57,21640.67,21225.77,257.5934,15.680000305175781
2024-01-30,21775.75,21813.05078125,21501.80078125,21522.099609375,375100,51.54,101.0821,168.5871,-67.505,22046.03,21630.21,21214.39,261.426,16.100000381469727
2024-01-31,21487.25,21741.349609375,21448.849609375,21725.69921875,410600,55.52,106.3126,156.1322,-49.8197,22044.37,21629.4,21214.43,263.6456,16.049999237060547
2024-02-01,21780.650390625,21832.94921875,21658.75,21697.44921875,332500,54.84,106.9454,146.2948,-39.3495,22046.77,21630.98,21215.19,257.2566,14.460000038146973
2024-02-02,21812.75,22126.80078125,21805.55078125,21853.80078125,442800,57.89,118.6949,140.7749,-22.08,22071.39,21647.8,21224.21,269.5491,14.699999809265137
2024-02-05,21921.05078125,21964.30078125,21726.94921875,21771.69921875,440800,55.76,119.9983,136.6195,-16.6212,22080.66,21653.46,21226.26,267.2493,15.619999885559082
2024-02-06,21825.19921875,21951.400390625,21737.55078125,21929.400390625,371000,58.88,132.2321,135.7421,-3.5099,22108.61,21664.39,21220.16,263.435,15.789999961853027
2024-02-07,22045.05078125,22053.30078125,21860.150390625,21930.5,346300,58.9,140.3979,136.6732,3.7246,22138.68,21685.26,21231.85,258.4147,15.510000228881836
2024-02-08,22009.650390625,22011.05078125,21665.30078125,21717.94921875,491100,53.06,128.2399,134.9866,-6.7467,22142.63,21693.92,21245.21,264.6529,15.829999923706055
2024-02-09,21727.0,21804.44921875,21629.900390625,21782.5,349200,54.53,122.4024,132.4697,-10.0674,22151.02,21702.11,21253.2,258.2169,15.449999809265137
2024-02-12,21800.80078125,21831.69921875,21574.75,21616.05078125,287400,50.15,103.1559,126.607,-23.4511,22150.48,21700.55,21250.62,258.1264,16.059999465942383
2024-02-13,21664.30078125,21766.80078125,21543.349609375,21743.25,365800,53.24,97.0481,120.6952,-23.6471,22134.18,21692.98,21251.79,255.6496,15.8100004196167
2024-02-14,21578.150390625,21870.849609375,21530.19921875,21840.05078125,359100,55.5,98.8789,116.3319,-17.453,22085.17,21680.11,21275.06,261.721,15.4399995803833
2024-02-15,21906.55078125,21953.849609375,21794.80078125,21910.75,345400,57.13,104.8263,114.0308,-9.2045,22060.04,21674.04,21288.03,254.3873,15.229999542236328
2024-02-16,22020.30078125,22068.650390625,21968.94921875,22040.69921875,343900,60.03,118.6576,114.9562,3.7014,22113.16,21697.47,21281.79,247.4954,15.220000267028809
2024-02-19,22103.44921875,22186.650390625,22021.05078125,22122.25,0,61.78,134.6473,118.8944,15.7529,22171.55,21730.47,21289.4,241.6457,16.06999969482422
2024-02-20,22099.19921875,22215.599609375,22045.849609375,22196.94921875,295700,63.36,151.5994,125.4354,26.164,22243.38,21759.2,21275.03,236.5103,16.06999969482422
2024-02-21,22248.849609375,22249.400390625,21997.94921875,22055.05078125,364500,58.42,151.8338,130.7151,21.1187,22234.55,21800.01,21365.48,237.5775,15.930000305175781
2024-02-22,22081.55078125,22252.5,21875.25,22217.44921875,343500,62.06,163.2419,137.2204,26.0215,22278.83,21838.19,21397.55,247.5541,15.199999809265137
2024-02-23,22290.0,22297.5,22186.099609375,22212.69921875,226000,61.89,169.9408,143.7645,26.1762,22288.94,21881.19,21473.45,237.8288,14.970000267028809
2024-02-26,22169.19921875,22202.150390625,22075.150390625,22122.05078125,207800,58.58,166.0212,148.2159,17.8054,22315.84,21900.42,21485.0,230.666,15.600000381469727
2024-02-27,22090.19921875,22218.25,22085.650390625,22198.349609375,252200,60.5,167.1449,152.0017,15.1433,22329.6,21934.23,21538.86,223.6612,15.729999542236328
2024-02-28,22214.099609375,22229.150390625,21915.849609375,21951.150390625,203000,52.08,146.401,150.8815,-4.4806,22328.5,21945.5,21562.5,230.0641,16.329999923706055
2024-02-29,21935.19921875,22060.55078125,21860.650390625,21982.80078125,360200,52.98,131.005,146.9062,-15.9012,22324.69,21959.77,21594.85,227.9095,15.569999694824219
2024-03-01,22048.30078125,22353.30078125,22047.75,22338.75,351500,61.71,145.8445,146.6939,-0.8494,22382.22,21984.02,21585.81,238.0945,15.239999771118164
2024-03-04,22403.5,22440.900390625,22358.30078125,22405.599609375,298800,63.1,161.1415,149.5834,11.5581,22442.64,22015.71,21588.79,228.3843,14.920000076293945
2024-03-05,22371.25,22416.900390625,22269.150390625,22356.30078125,296200,61.33,167.3574,153.1382,14.2192,22487.83,22037.06,21586.28,222.6247,14.380000114440918
2024-03-06,22327.5,22497.19921875,22224.349609375,22474.05078125,312300,63.93,179.7133,158.4532,21.2601,22551.99,22064.24,21576.48,226.2122,14.300000190734863
2024-03-07,22505.30078125,22525.650390625,22430.0,22493.55078125,379900,64.35,188.9014,164.5429,24.3586,22598.12,22103.02,21607.91,216.8863,13.609999656677246
2024-03-11,22517.5,22526.599609375,22307.25,22332.650390625,277900,58.24,181.112,167.8567,13.2553,22611.58,22130.52,21649.47,217.0623,14.0
2024-03-12,22334.44921875,22452.55078125,22256.0,22335.69921875,299200,58.32,173.1884,168.923,4.2654,22589.71,22166.51,21743.3,215.5972,13.640000343322754
2024-03-13,22432.19921875,22446.75,21905.650390625,21997.69921875,493300,47.38,138.0439,162.7472,-24.7033,22562.25,22179.23,21796.21,238.8473,14.430000305175781
2024-03-14,21982.55078125,22204.599609375,21917.5,22146.650390625,426700,51.68,120.818,154.3613,-33.5434,22543.44,22194.56,21845.67,242.2939,13.619999885559082
2024-03-15,22064.849609375,22120.900390625,21931.69921875,22023.349609375,661500,48.17,96.1091,142.7109,-46.6018,22533.05,22200.19,21867.32,240.3409,13.6899995803833
2024-03-18,21990.099609375,22123.69921875,21916.55078125,22055.69921875,356300,49.14,78.2356,129.8158,-51.5802,22532.36,22200.94,21869.52,237.97,13.899999618530273
2024-03-19,21946.44921875,21978.30078125,21793.099609375,21817.44921875,344200,42.76,44.3349,112.7197,-68.3847,22557.88,22185.7,21813.52,239.7292,14.109999656677246
2024-03-20,21843.900390625,21930.900390625,21710.19921875,21839.099609375,312400,43.48,18.9964,93.975,-74.9786,22570.84,22167.8,21764.77,238.3701,13.470000267028809
2024-03-21,21989.900390625,22080.94921875,21941.30078125,22011.94921875,353200,48.98,12.7163,77.7233,-65.0069,22571.67,22165.65,21759.63,238.6186,12.510000228881836
2024-03-22,21932.19921875,22180.69921875,21883.30078125,22096.75,388700,51.48,14.4159,65.0618,-50.6459,22565.98,22159.61,21753.25,242.8172,12.220000267028809
2024-03-26,21947.900390625,22073.19921875,21947.55078125,22004.69921875,328400,48.69,8.2401,53.6975,-45.4573,22560.48,22149.21,21737.95,236.1302,12.819999694824219
2024-03-27,22053.94921875,22193.599609375,22052.849609375,22123.650390625,409100,52.29,12.7966,45.5173,-32.7207,22560.54,22149.29,21738.05,232.7566,12.699999809265137
2024-03-28,22163.599609375,22516.0,22163.599609375,22326.900390625,410500,57.74,32.4343,42.9007,-10.4664,22574.15,22155.72,21737.3,244.1561,12.829999923706055
2024-04-01,22455.0,22529.94921875,22427.75,22462.0,0,60.93,58.2276,45.9661,12.2615,22609.37,22181.26,21753.16,241.2199,12.079999923706055
2024-04-02,22458.80078125,22497.599609375,22388.150390625,22453.30078125,289500,60.62,77.0785,52.1886,24.8899,22638.64,22204.79,21770.94,231.8077,11.649999618530273
2024-04-03,22385.69921875,22521.099609375,22346.5,22434.650390625,309600,59.89,89.4815,59.6471,29.8344,22651.71,22209.58,21767.46,227.7214,11.369999885559082
2024-04-04,22592.099609375,22619.0,22303.80078125,22514.650390625,401000,61.98,104.561,68.6299,35.9311,22669.85,22215.04,21760.23,233.9698,11.220000267028809
2024-04-05,22486.400390625,22537.599609375,22427.599609375,22513.69921875,242200,61.94,115.108,77.9255,37.1825,22693.2,22222.91,21752.62,225.1148,11.34000015258789
2024-04-08,22578.349609375,22697.30078125,22550.349609375,22666.30078125,227600,65.87,134.2329,89.187,45.0459,22731.41,22232.52,21733.63,222.1496,11.609999656677246
2024-04-09,22765.099609375,22768.400390625,22612.25,22642.75,232400,64.76,145.8083,100.5113,45.2971,22759.35,22239.98,21720.61,217.4354,11.359999656677246
2024-04-10,22720.25,22775.69921875,22673.69921875,22753.80078125,276800,67.54,162.0745,112.8239,49.2506,22828.18,22261.04,21693.9,211.4007,11.109999656677246
2024-04-12,22677.400390625,22726.44921875,22503.75,22519.400390625,357200,57.27,154.2731,121.1138,33.1594,22848.3,22270.22,21692.15,214.1614,11.529999732971191
2024-04-15,22339.05078125,22427.44921875,22259.55078125,22272.5,355500,48.84,126.707,122.2324,4.4746,22847.65,22283.96,21720.27,217.4248,12.470000267028809
2024-04-16,22125.30078125,22213.75,22079.44921875,22147.900390625,317300,45.23,93.7261,116.5312,-22.805,22847.65,22284.03,21720.4,215.6838,12.619999885559082
2024-04-18,22212.349609375,22326.5,21961.69921875,21995.849609375,456900,41.21,54.6889,104.1627,-49.4738,22849.08,22282.65,21716.22,226.335,13.039999961853027
2024-04-19,21861.5,22179.55078125,21777.650390625,22147.0,362500,46.31,35.5385,90.4379,-54.8993,22847.38,22287.22,21727.05,238.8754,13.460000038146973
2024-04-22,22336.900390625,22375.650390625,22198.150390625,22336.400390625,279300,51.94,35.2385,79.398,-44.1595,22827.94,22313.16,21798.38,238.1451,12.699999809265137
2024-04-23,22447.05078125,22447.55078125,22349.44921875,22368.0,231500,52.82,37.1227,70.9429,-33.8203,22803.69,22339.61,21875.52,229.074,10.199999809265137
2024-04-24,22421.55078125,22476.44921875,22384.0,22402.400390625,235900,53.82,40.92,64.9383,-24.0183,22797.31,22359.13,21920.95,220.4579,10.279999732971191
2024-04-25,22316.900390625,22625.94921875,22305.25,22570.349609375,475000,58.45,56.8264,63.316,-6.4895,22812.39,22382.81,21953.23,227.618,10.729999542236328
2024-04-26,22620.400390625,22620.400390625,22385.55078125,22419.94921875,329900,53.3,56.6434,61.9815,-5.338,22794.61,22403.57,22012.53,228.1346,10.930000305175781
2024-04-29,22475.55078125,22655.80078125,22441.900390625,22643.400390625,292000,59.07,73.6797,64.3211,9.3586,22811.24,22429.56,22047.88,228.6858,12.239999771118164
2024-04-30,22679.650390625,22783.349609375,22568.400390625,22604.849609375,361900,57.75,83.1122,68.0793,15.0329,22829.62,22443.46,22057.3,227.7046,12.869999885559082
2024-05-02,22567.849609375,22710.5,22567.849609375,22648.19921875,445900,58.87,93.0134,73.0661,19.9472,22849.64,22452.77,22055.9,221.6293,13.449999809265137
2024-05-03,22766.349609375,22794.69921875,22348.05078125,22475.849609375,438100,52.87,85.962,75.6453,10.3167,22850.9,22453.9,22056.89,237.7021,14.619999885559082
2024-05-06,22561.599609375,22588.80078125,22409.44921875,22442.69921875,320300,51.78,76.8133,75.8789,0.9344,22851.24,22454.3,22057.36,233.5342,16.600000381469727
2024-05-07,22489.75,22499.05078125,22232.05078125,22302.5,297800,47.33,57.5862,72.2204,-14.6342,22845.15,22443.69,22042.23,235.9246,17.010000228881836
2024-05-08,22231.19921875,22368.650390625,22185.19921875,22302.5,277400,47.33,41.8659,66.1495,-24.2835,22837.94,22433.13,22028.32,232.1765,17.079999923706055
2024-05-09,22224.80078125,22307.75,21932.400390625,21957.5,331300,38.0,1.551,53.2298,-51.6787,22839.01,22397.69,21956.37,242.4032,18.200000762939453
2024-05-10,21990.94921875,22131.30078125,21950.30078125,22055.19921875,265800,41.52,-22.2587,38.1321,-60.3908,22819.06,22368.31,21917.56,238.0172,18.469999313354492
2024-05-13,22027.94921875,22131.650390625,21821.05078125,22104.05078125,278200,43.25,-36.7624,23.1532,-59.9156,22762.62,22335.82,21909.03,243.2017,20.600000381469727
2024-05-14,22112.900390625,22270.05078125,22081.25,22217.849609375,230200,47.17,-38.6288,10.7968,-49.4256,22741.5,22320.75,21900.0,239.3159,20.200000762939453
2024-05-15,22255.599609375,22297.55078125,22151.75,22200.55078125,231900,46.65,-41.0308,0.4313,-41.4621,22740.85,22317.15,21893.45,232.6363,20.270000457763672
2024-05-16,22319.19921875,22432.25,22054.55078125,22403.849609375,368900,53.27,-26.2276,-4.9005,-21.3271,22747.55,22329.95,21912.35,242.9979,20.0
2024-05-17,22415.25,22502.150390625,22345.650390625,22466.099609375,242700,55.11,-9.3649,-5.7934,-3.5715,22743.93,22353.46,21962.99,236.8195,19.799999237060547
2024-05-21,22404.55078125,22591.099609375,22404.55078125,22529.05078125,347600,56.95,8.975,-2.8397,11.8147,22757.85,22372.56,21987.28,233.2287,21.809999465942383
2024-05-22,22576.599609375,22629.5,22483.150390625,22597.80078125,290300,58.93,28.726,3.4734,25.2526,22783.29,22385.63,21987.98,227.0231,21.469999313354492
2024-05-23,22614.099609375,22993.599609375,22577.44921875,22967.650390625,369800,67.58,73.3767,17.4541,55.9226,22890.58,22415.61,21940.65,240.5322,21.3799991607666
2024-05-24,22930.75,23026.400390625,22908.0,22957.099609375,261900,67.15,106.6816,35.2996,71.382,22976.31,22443.35,21910.39,231.8085,21.709999084472656
2024-05-27,23038.94921875,23110.80078125,22871.19921875,22932.44921875,260000,66.08,129.593,54.1583,75.4348,23035.59,22461.45,21887.32,232.3651,23.190000534057617
2024-05-28,22977.150390625,22998.55078125,22858.5,22888.150390625,217900,64.1,142.5329,71.8332,70.6997,23089.26,22484.86,21880.47,225.7712,24.200000762939453
2024-05-29,22762.75,22825.5,22685.44921875,22704.69921875,269900,56.56,136.4124,84.7491,51.6634,23096.32,22487.93,21879.54,224.1234,24.18000030517578
2024-05-30,22617.44921875,22705.75,22417.0,22488.650390625,373400,49.22,112.828,90.3648,22.4631,23088.02,22482.12,21876.22,228.7396,24.18000030517578
2024-05-31,22568.099609375,22653.75,22465.099609375,22530.69921875,572100,50.57,96.4186,91.5756,4.843,23077.63,22476.24,21874.86,225.876,24.600000381469727
2024-06-03,23337.900390625,23338.69921875,23062.30078125,23263.900390625,569400,66.99,140.9525,101.451,39.5015,23212.59,22515.65,21818.7,267.4563,20.940000534057617
2024-06-04,23179.5,23179.5,21281.44921875,21884.5,1006100,40.04,64.1998,94.0007,-29.801,23239.53,22487.74,21735.94,389.956,26.75
2024-06-05,22128.349609375,22670.400390625,21791.94921875,22620.349609375,638500,51.3,62.0345,87.6075,-25.573,23252.37,22503.63,21754.89,424.8485,18.889999389648438
2024-06-06,22798.599609375,22910.150390625,22642.599609375,22821.400390625,480400,53.84,75.6694,85.2199,-9.5505,23284.9,22529.58,21774.25,415.2022,16.799999237060547
2024-06-07,22821.849609375,23320.19921875,22789.05078125,23290.150390625,473600,59.21,122.8828,92.7524,30.1303,23373.84,22596.21,21818.58,423.4841,16.8799991607666
2024-06-10,23319.150390625,23411.900390625,23227.150390625,23259.19921875,304400,58.72,156.0039,105.4027,50.6012,23444.04,22656.41,21868.77,406.4316,16.399999618530273
2024-06-11,23283.75,23389.44921875,23206.650390625,23264.849609375,305200,58.79,180.6265,120.4475,60.179,23501.78,22714.45,21927.11,390.4579,14.770000457763672
2024-06-12,23344.44921875,23441.94921875,23295.94921875,23322.94921875,295600,59.51,202.494,136.8568,65.6372,23565.36,22769.7,21974.04,375.218,14.390000343322754
2024-06-13,23480.94921875,23481.05078125,23353.900390625,23398.900390625,268300,60.48,223.3777,154.161,69.2168,23625.3,22829.62,22033.94,359.7097,13.489999771118164
2024-06-14,23464.94921875,23490.400390625,23334.25,23465.599609375,223100,61.36,242.5148,171.8317,70.6831,23700.16,22882.71,22065.26,345.1697,12.819999694824219
2024-06-18,23570.80078125,23579.05078125,23499.69921875,23557.900390625,272200,62.6,262.1076,189.8869,72.2207,23782.94,22937.3,22091.65,328.6184,12.970000267028809
2024-06-19,23629.849609375,23664.0,23412.900390625,23516.0,328800,61.63,271.1286,206.1352,64.9933,23847.04,22986.64,22126.25,323.0814,13.710000038146973
2024-06-20,23586.150390625,23624.0,23442.599609375,23567.0,280300,62.39,279.1749,220.7432,58.4317,23912.3,23035.1,22157.91,312.9613,13.350000381469727
2024-06-21,23661.150390625,23667.099609375,23398.19921875,23501.099609375,609900,60.72,277.0405,232.0026,45.0378,23962.46,23061.78,22161.09,309.8141,13.180000305175781
2024-06-24,23382.30078125,23558.099609375,23350.0,23537.849609375,239400,61.34,275.1427,240.6306,34.512,24014.44,23090.81,22167.19,302.5488,14.0600004196167
2024-06-25,23577.099609375,23754.150390625,23562.05078125,23721.30078125,298100,64.38,285.1546,249.5354,35.6191,24092.0,23130.26,22168.52,296.3882,14.3100004196167
2024-06-26,23723.099609375,23889.900390625,23670.44921875,23868.80078125,287800,66.65,301.5154,259.9314,41.584,24187.91,23179.29,22170.67,290.8927,14.050000190734863
2024-06-27,23881.55078125,24087.44921875,23805.400390625,24044.5,515200,69.17,324.9135,272.9278,51.9857,24299.18,23246.28,22193.38,290.261,14.149999618530273
2024-06-28,24085.900390625,24174.0,23985.80078125,24010.599609375,354800,68.1,336.8384,285.7099,51.1284,24364.66,23322.38,22280.09,282.9709,13.800000190734863
